,Temperature,Clearsky GHI,GHI,Relative Humidity,Solar Zenith Angle,Cloud_Effect_Ratio,DHI,DNI
Temperature,1.0,0.7103772836686094,0.7187771420957456,-0.9265397217131822,-0.5903492057591933,0.28555404777310933,0.6228331243463355,0.6108764572182976
Clearsky GHI,0.7103772836686094,1.0,0.9481154610920924,-0.7039371152628711,-0.9809307687470629,0.19065525268732628,0.8945659938815648,0.7400730480192261
GHI,0.7187771420957456,0.9481154610920924,1.0,-0.7287015074781777,-0.8591231479435802,0.5426651023580162,0.8192036120683968,0.8731296914995375
Relative Humidity,-0.9265397217131822,-0.7039371152628711,-0.7287015074781777,1.0,0.519910459171118,-0.3822907084413453,-0.5965275757166654,-0.6717725717098979
Solar Zenith Angle,-0.5903492057591933,-0.9809307687470629,-0.8591231479435802,0.519910459171118,1.0,-0.16622438699077025,-0.7774848057664819,-0.3586970537289375
Cloud_Effect_Ratio,0.28555404777310933,0.19065525268732628,0.5426651023580162,-0.3822907084413453,-0.16622438699077025,1.0,0.12668617244281066,0.751580483826742
DHI,0.6228331243463355,0.8945659938815648,0.8192036120683968,-0.5965275757166654,-0.7774848057664819,0.12668617244281066,1.0,0.5005523985064965
DNI,0.6108764572182976,0.7400730480192261,0.8731296914995375,-0.6717725717098979,-0.3586970537289375,0.751580483826742,0.5005523985064965,1.0
